Mes,Plataforma,Metrica,Valor
JANEIRO,Total,Investimento ( mkt),3470.96
JANEIRO,Total,Cliques (mkt),4568.0
JANEIRO,Total,CPC,0.76
JANEIRO,Total,Leads (Contatos Recebidos) (mkt),620.0
JANEIRO,Total,CPL,5.6
JANEIRO,Total,Atendimentos (Conversas sem vácuo),492.0
JANEIRO,Total,Agendamentos,335.0
JANEIRO,Total,Comparecimentos,305.0
JANEIRO,Total,Pessoas que compraram,305.0
JANEIRO,Total,Faturamento,100609.46
JANEIRO,Total,Ticket médio,329.87
JANEIRO,Total,ROAS,28.99
JANEIRO,Total,CAC,11.38
JANEIRO,Facebook,Investimento ( mkt),470.93
JANEIRO,Facebook,Cliques (mkt),1762.0
JANEIRO,Facebook,CPC,0.27
JANEIRO,Facebook,Leads (Contatos Recebidos) (mkt),12.0
JANEIRO,Facebook,CPL,39.24
JANEIRO,Facebook,Atendimentos (Conversas sem vácuo),9.0
JANEIRO,Facebook,Agendamentos,7.0
JANEIRO,Facebook,Comparecimentos,7.0
JANEIRO,Facebook,Pessoas que compraram,7.0
JANEIRO,Facebook,Faturamento,1388.98
JANEIRO,Facebook,Ticket médio,198.43
JANEIRO,Facebook,ROAS,2.949440469
JANEIRO,Facebook,CAC,67.28
JANEIRO,Instagram,Investimento ( mkt),479.07
JANEIRO,Instagram,Cliques (mkt),559.0
JANEIRO,Instagram,CPC,0.86
JANEIRO,Instagram,Leads (Contatos Recebidos) (mkt),112.0
JANEIRO,Instagram,CPL,4.28
JANEIRO,Instagram,Atendimentos (Conversas sem vácuo),89.0
JANEIRO,Instagram,Agendamentos,80.0
JANEIRO,Instagram,Comparecimentos,73.0
JANEIRO,Instagram,Pessoas que compraram,73.0
JANEIRO,Instagram,Faturamento,18485.97
JANEIRO,Instagram,Ticket médio,253.23
JANEIRO,Instagram,ROAS,38.5872002
JANEIRO,Instagram,CAC,6.56
JANEIRO,Google,Investimento ( mkt),2520.96
JANEIRO,Google,Cliques (mkt),2247.0
JANEIRO,Google,CPC,1.12
JANEIRO,Google,Leads (Contatos Recebidos) (mkt),496.0
JANEIRO,Google,CPL,5.08
JANEIRO,Google,Atendimentos (Conversas sem vácuo),394.0
JANEIRO,Google,Agendamentos,248.0
JANEIRO,Google,Comparecimentos,225.0
JANEIRO,Google,Pessoas que compraram,225.0
JANEIRO,Google,Faturamento,80734.51
JANEIRO,Google,Ticket médio,358.82
JANEIRO,Google,ROAS,32.02530385
JANEIRO,Google,CAC,11.2
FEVEREIRO,Total,Investimento ( mkt),4110.48
FEVEREIRO,Total,Cliques (mkt),9201.0
FEVEREIRO,Total,CPC,0.45
FEVEREIRO,Total,Leads (Contatos Recebidos) (mkt),401.0
FEVEREIRO,Total,CPL,10.25
FEVEREIRO,Total,Atendimentos (Conversas sem vácuo),296.0
FEVEREIRO,Total,Agendamentos,183.0
FEVEREIRO,Total,Comparecimentos,177.0
FEVEREIRO,Total,Pessoas que compraram,177.0
FEVEREIRO,Total,Faturamento,64938.37
FEVEREIRO,Total,Ticket médio,366.88
FEVEREIRO,Total,ROAS,15.8
FEVEREIRO,Total,CAC,23.22
FEVEREIRO,Facebook,Investimento ( mkt),380.49
FEVEREIRO,Facebook,Cliques (mkt),1233.0
FEVEREIRO,Facebook,CPC,0.31
FEVEREIRO,Facebook,Leads (Contatos Recebidos) (mkt),16.0
FEVEREIRO,Facebook,CPL,23.78
FEVEREIRO,Facebook,Atendimentos (Conversas sem vácuo),4.0
FEVEREIRO,Facebook,Agendamentos,2.0
FEVEREIRO,Facebook,Comparecimentos,2.0
FEVEREIRO,Facebook,Pessoas que compraram,2.0
FEVEREIRO,Facebook,Faturamento,304.41
FEVEREIRO,Facebook,Ticket médio,152.21
FEVEREIRO,Facebook,ROAS,0.8000473074
FEVEREIRO,Facebook,CAC,190.25
FEVEREIRO,Instagram,Investimento ( mkt),479.95
FEVEREIRO,Instagram,Cliques (mkt),404.0
FEVEREIRO,Instagram,CPC,1.19
FEVEREIRO,Instagram,Leads (Contatos Recebidos) (mkt),43.0
FEVEREIRO,Instagram,CPL,11.16
FEVEREIRO,Instagram,Atendimentos (Conversas sem vácuo),53.0
FEVEREIRO,Instagram,Agendamentos,42.0
FEVEREIRO,Instagram,Comparecimentos,41.0
FEVEREIRO,Instagram,Pessoas que compraram,41.0
FEVEREIRO,Instagram,Faturamento,11777.96
FEVEREIRO,Instagram,Ticket médio,287.27
FEVEREIRO,Instagram,ROAS,24.53997291
FEVEREIRO,Instagram,CAC,11.71
FEVEREIRO,Google,Investimento ( mkt),3250.04
FEVEREIRO,Google,Cliques (mkt),7564.0
FEVEREIRO,Google,CPC,0.43
FEVEREIRO,Google,Leads (Contatos Recebidos) (mkt),342.0
FEVEREIRO,Google,CPL,9.5
FEVEREIRO,Google,Atendimentos (Conversas sem vácuo),239.0
FEVEREIRO,Google,Agendamentos,139.0
FEVEREIRO,Google,Comparecimentos,134.0
FEVEREIRO,Google,Pessoas que compraram,134.0
FEVEREIRO,Google,Faturamento,52856.0
FEVEREIRO,Google,Ticket médio,394.45
FEVEREIRO,Google,ROAS,16.26318445
FEVEREIRO,Google,CAC,24.25
MARÇO,Total,Investimento ( mkt),5572.84
MARÇO,Total,Cliques (mkt),4248.0
MARÇO,Total,CPC,1.31
MARÇO,Total,Leads (Contatos Recebidos) (mkt),272.0
MARÇO,Total,CPL,20.49
MARÇO,Total,Atendimentos (Conversas sem vácuo),251.0
MARÇO,Total,Agendamentos,190.0
MARÇO,Total,Comparecimentos,177.0
MARÇO,Total,Pessoas que compraram,177.0
MARÇO,Total,Faturamento,75861.47
MARÇO,Total,Ticket médio,428.6
MARÇO,Total,ROAS,13.61
MARÇO,Total,CAC,31.48
MARÇO,Facebook,Investimento ( mkt),486.11
MARÇO,Facebook,Cliques (mkt),1634.0
MARÇO,Facebook,CPC,0.3
MARÇO,Facebook,Leads (Contatos Recebidos) (mkt),1.0
MARÇO,Facebook,CPL,486.11
MARÇO,Facebook,Atendimentos (Conversas sem vácuo),1.0
MARÇO,Facebook,Agendamentos,1.0
MARÇO,Facebook,Comparecimentos,1.0
MARÇO,Facebook,Pessoas que compraram,1.0
MARÇO,Facebook,Faturamento,160.0
MARÇO,Facebook,Ticket médio,160.0
MARÇO,Facebook,ROAS,0.3291436095
MARÇO,Facebook,CAC,486.11
MARÇO,Instagram,Investimento ( mkt),471.25
MARÇO,Instagram,Cliques (mkt),300.0
MARÇO,Instagram,CPC,1.57
MARÇO,Instagram,Leads (Contatos Recebidos) (mkt),31.0
MARÇO,Instagram,CPL,15.2
MARÇO,Instagram,Atendimentos (Conversas sem vácuo),31.0
MARÇO,Instagram,Agendamentos,27.0
MARÇO,Instagram,Comparecimentos,25.0
MARÇO,Instagram,Pessoas que compraram,25.0
MARÇO,Instagram,Faturamento,17937.8
MARÇO,Instagram,Ticket médio,717.51
MARÇO,Instagram,ROAS,38.06429708
MARÇO,Instagram,CAC,18.85
MARÇO,Google,Investimento ( mkt),4615.48
MARÇO,Google,Cliques (mkt),2314.0
MARÇO,Google,CPC,1.99
MARÇO,Google,Leads (Contatos Recebidos) (mkt),240.0
MARÇO,Google,CPL,19.23
MARÇO,Google,Atendimentos (Conversas sem vácuo),219.0
MARÇO,Google,Agendamentos,162.0
MARÇO,Google,Comparecimentos,151.0
MARÇO,Google,Pessoas que compraram,151.0
MARÇO,Google,Faturamento,57763.67
MARÇO,Google,Ticket médio,382.54
MARÇO,Google,ROAS,12.51520319
MARÇO,Google,CAC,30.57
ABRIL,Total,Investimento ( mkt),3181.4
ABRIL,Total,Cliques (mkt),5314.0
ABRIL,Total,CPC,0.6
ABRIL,Total,Leads (Contatos Recebidos) (mkt),384.0
ABRIL,Total,CPL,8.28
ABRIL,Total,Atendimentos (Conversas sem vácuo),316.0
ABRIL,Total,Agendamentos,135.0
ABRIL,Total,Comparecimentos,127.0
ABRIL,Total,Pessoas que compraram,127.0
ABRIL,Total,Faturamento,58117.34
ABRIL,Total,Ticket médio,457.62
ABRIL,Total,ROAS,18.27
ABRIL,Total,CAC,25.05
ABRIL,Facebook,Investimento ( mkt),450.5
ABRIL,Facebook,Cliques (mkt),1594.0
ABRIL,Facebook,CPC,0.28
ABRIL,Facebook,Leads (Contatos Recebidos) (mkt),7.0
ABRIL,Facebook,CPL,64.36
ABRIL,Facebook,Atendimentos (Conversas sem vácuo),5.0
ABRIL,Facebook,Agendamentos,2.0
ABRIL,Facebook,Comparecimentos,2.0
ABRIL,Facebook,Pessoas que compraram,2.0
ABRIL,Facebook,Faturamento,515.0
ABRIL,Facebook,Ticket médio,257.5
ABRIL,Facebook,ROAS,1.143174251
ABRIL,Facebook,CAC,225.25
ABRIL,Instagram,Investimento ( mkt),499.5
ABRIL,Instagram,Cliques (mkt),1551.0
ABRIL,Instagram,CPC,0.32
ABRIL,Instagram,Leads (Contatos Recebidos) (mkt),68.0
ABRIL,Instagram,CPL,7.35
ABRIL,Instagram,Atendimentos (Conversas sem vácuo),65.0
ABRIL,Instagram,Agendamentos,32.0
ABRIL,Instagram,Comparecimentos,28.0
ABRIL,Instagram,Pessoas que compraram,28.0
ABRIL,Instagram,Faturamento,5585.25
ABRIL,Instagram,Ticket médio,199.47
ABRIL,Instagram,ROAS,11.18168168
ABRIL,Instagram,CAC,17.84
ABRIL,Google,Investimento ( mkt),2231.4
ABRIL,Google,Cliques (mkt),2169.0
ABRIL,Google,CPC,1.03
ABRIL,Google,Leads (Contatos Recebidos) (mkt),309.0
ABRIL,Google,CPL,7.22
ABRIL,Google,Atendimentos (Conversas sem vácuo),246.0
ABRIL,Google,Agendamentos,101.0
ABRIL,Google,Comparecimentos,97.0
ABRIL,Google,Pessoas que compraram,97.0
ABRIL,Google,Faturamento,52017.09
ABRIL,Google,Ticket médio,536.26
ABRIL,Google,ROAS,23.31141436
ABRIL,Google,CAC,23.0
MAIO,Total,Investimento ( mkt),3281.01
MAIO,Total,Cliques (mkt),3930.0
MAIO,Total,CPC,0.83
MAIO,Total,Leads (Contatos Recebidos) (mkt),501.0
MAIO,Total,CPL,6.55
MAIO,Total,Atendimentos (Conversas sem vácuo),421.0
MAIO,Total,Agendamentos,169.0
MAIO,Total,Comparecimentos,164.0
MAIO,Total,Pessoas que compraram,164.0
MAIO,Total,Faturamento,83160.79
MAIO,Total,Ticket médio,507.08
MAIO,Total,ROAS,25.35
MAIO,Total,CAC,20.01
MAIO,Facebook,Investimento ( mkt),447.32
MAIO,Facebook,Cliques (mkt),1342.0
MAIO,Facebook,CPC,0.33
MAIO,Facebook,Leads (Contatos Recebidos) (mkt),41.0
MAIO,Facebook,CPL,10.91
MAIO,Facebook,Atendimentos (Conversas sem vácuo),30.0
MAIO,Facebook,Agendamentos,4.0
MAIO,Facebook,Comparecimentos,4.0
MAIO,Facebook,Pessoas que compraram,4.0
MAIO,Facebook,Faturamento,5850.0
MAIO,Facebook,Ticket médio,1462.5
MAIO,Facebook,ROAS,13.07788608
MAIO,Facebook,CAC,111.83
MAIO,Instagram,Investimento ( mkt),476.69
MAIO,Instagram,Cliques (mkt),348.0
MAIO,Instagram,CPC,1.37
MAIO,Instagram,Leads (Contatos Recebidos) (mkt),101.0
MAIO,Instagram,CPL,4.72
MAIO,Instagram,Atendimentos (Conversas sem vácuo),91.0
MAIO,Instagram,Agendamentos,38.0
MAIO,Instagram,Comparecimentos,38.0
MAIO,Instagram,Pessoas que compraram,38.0
MAIO,Instagram,Faturamento,11148.23
MAIO,Instagram,Ticket médio,293.37
MAIO,Instagram,ROAS,23.3867503
MAIO,Instagram,CAC,12.54
MAIO,Google,Investimento ( mkt),2357.0
MAIO,Google,Cliques (mkt),2240.0
MAIO,Google,CPC,1.05
MAIO,Google,Leads (Contatos Recebidos) (mkt),359.0
MAIO,Google,CPL,6.57
MAIO,Google,Atendimentos (Conversas sem vácuo),300.0
MAIO,Google,Agendamentos,127.0
MAIO,Google,Comparecimentos,122.0
MAIO,Google,Pessoas que compraram,122.0
MAIO,Google,Faturamento,66162.56
MAIO,Google,Ticket médio,542.32
MAIO,Google,ROAS,28.0706661
MAIO,Google,CAC,19.32
JUNHO,Total,Investimento ( mkt),3322.36
JUNHO,Total,Cliques (mkt),3806.0
JUNHO,Total,CPC,0.87
JUNHO,Total,Leads (Contatos Recebidos) (mkt),451.0
JUNHO,Total,CPL,7.37
JUNHO,Total,Atendimentos (Conversas sem vácuo),389.0
JUNHO,Total,Agendamentos,196.0
JUNHO,Total,Comparecimentos,181.0
JUNHO,Total,Pessoas que compraram,181.0
JUNHO,Total,Faturamento,76169.38
JUNHO,Total,Ticket médio,420.83
JUNHO,Total,ROAS,22.93
JUNHO,Total,CAC,18.36
JUNHO,Facebook,Investimento ( mkt),435.82
JUNHO,Facebook,Cliques (mkt),1381.0
JUNHO,Facebook,CPC,0.32
JUNHO,Facebook,Leads (Contatos Recebidos) (mkt),21.0
JUNHO,Facebook,CPL,20.75
JUNHO,Facebook,Atendimentos (Conversas sem vácuo),19.0
JUNHO,Facebook,Agendamentos,5.0
JUNHO,Facebook,Comparecimentos,5.0
JUNHO,Facebook,Pessoas que compraram,5.0
JUNHO,Facebook,Faturamento,902.08
JUNHO,Facebook,Ticket médio,180.42
JUNHO,Facebook,ROAS,2.069845349
JUNHO,Facebook,CAC,87.16
JUNHO,Instagram,Investimento ( mkt),581.13
JUNHO,Instagram,Cliques (mkt),330.0
JUNHO,Instagram,CPC,1.76
JUNHO,Instagram,Leads (Contatos Recebidos) (mkt),88.0
JUNHO,Instagram,CPL,6.6
JUNHO,Instagram,Atendimentos (Conversas sem vácuo),85.0
JUNHO,Instagram,Agendamentos,41.0
JUNHO,Instagram,Comparecimentos,38.0
JUNHO,Instagram,Pessoas que compraram,38.0
JUNHO,Instagram,Faturamento,11664.94
JUNHO,Instagram,Ticket médio,306.97
JUNHO,Instagram,ROAS,20.07285805
JUNHO,Instagram,CAC,15.29
JUNHO,Google,Investimento ( mkt),2305.41
JUNHO,Google,Cliques (mkt),2095.0
JUNHO,Google,CPC,1.1
JUNHO,Google,Leads (Contatos Recebidos) (mkt),342.0
JUNHO,Google,CPL,6.74
JUNHO,Google,Atendimentos (Conversas sem vácuo),285.0
JUNHO,Google,Agendamentos,150.0
JUNHO,Google,Comparecimentos,138.0
JUNHO,Google,Pessoas que compraram,138.0
JUNHO,Google,Faturamento,63602.36
JUNHO,Google,Ticket médio,460.89
JUNHO,Google,ROAS,27.5883075
JUNHO,Google,CAC,16.71
JULHO,Total,Investimento ( mkt),2729.08
JULHO,Total,Cliques (mkt),3348.0
JULHO,Total,CPC,0.82
JULHO,Total,Leads (Contatos Recebidos) (mkt),446.0
JULHO,Total,CPL,6.12
JULHO,Total,Atendimentos (Conversas sem vácuo),392.0
JULHO,Total,Agendamentos,192.0
JULHO,Total,Comparecimentos,178.0
JULHO,Total,Pessoas que compraram,178.0
JULHO,Total,Faturamento,63687.95
JULHO,Total,Ticket médio,357.8
JULHO,Total,ROAS,23.34
JULHO,Total,CAC,15.33
JULHO,Facebook,Investimento ( mkt),458.36
JULHO,Facebook,Cliques (mkt),1350.0
JULHO,Facebook,CPC,0.34
JULHO,Facebook,Leads (Contatos Recebidos) (mkt),34.0
JULHO,Facebook,CPL,13.48
JULHO,Facebook,Atendimentos (Conversas sem vácuo),19.0
JULHO,Facebook,Agendamentos,3.0
JULHO,Facebook,Comparecimentos,2.0
JULHO,Facebook,Pessoas que compraram,2.0
JULHO,Facebook,Faturamento,320.0
JULHO,Facebook,Ticket médio,160.0
JULHO,Facebook,ROAS,0.6981411991
JULHO,Facebook,CAC,229.18
JULHO,Instagram,Investimento ( mkt),652.0
JULHO,Instagram,Cliques (mkt),342.0
JULHO,Instagram,CPC,1.91
JULHO,Instagram,Leads (Contatos Recebidos) (mkt),111.0
JULHO,Instagram,CPL,5.87
JULHO,Instagram,Atendimentos (Conversas sem vácuo),104.0
JULHO,Instagram,Agendamentos,49.0
JULHO,Instagram,Comparecimentos,46.0
JULHO,Instagram,Pessoas que compraram,46.0
JULHO,Instagram,Faturamento,13151.86
JULHO,Instagram,Ticket médio,285.91
JULHO,Instagram,ROAS,20.17156442
JULHO,Instagram,CAC,14.17
JULHO,Google,Investimento ( mkt),1618.72
JULHO,Google,Cliques (mkt),1656.0
JULHO,Google,CPC,0.98
JULHO,Google,Leads (Contatos Recebidos) (mkt),301.0
JULHO,Google,CPL,5.38
JULHO,Google,Atendimentos (Conversas sem vácuo),269.0
JULHO,Google,Agendamentos,140.0
JULHO,Google,Comparecimentos,130.0
JULHO,Google,Pessoas que compraram,130.0
JULHO,Google,Faturamento,50216.09
JULHO,Google,Ticket médio,386.28
JULHO,Google,ROAS,31.02209771
JULHO,Google,CAC,12.45
AGOSTO,Total,Investimento ( mkt),2090.07
AGOSTO,Total,Cliques (mkt),2533.0
AGOSTO,Total,CPC,0.83
AGOSTO,Total,Leads (Contatos Recebidos) (mkt),382.0
AGOSTO,Total,CPL,5.47
AGOSTO,Total,Atendimentos (Conversas sem vácuo),317.0
AGOSTO,Total,Agendamentos,194.0
AGOSTO,Total,Comparecimentos,189.0
AGOSTO,Total,Pessoas que compraram,189.0
AGOSTO,Total,Faturamento,103916.79
AGOSTO,Total,Ticket médio,549.82
AGOSTO,Total,ROAS,49.72
AGOSTO,Total,CAC,11.06
AGOSTO,Facebook,Investimento ( mkt),277.88
AGOSTO,Facebook,Cliques (mkt),1026.0
AGOSTO,Facebook,CPC,0.27
AGOSTO,Facebook,Leads (Contatos Recebidos) (mkt),6.0
AGOSTO,Facebook,CPL,46.31
AGOSTO,Facebook,Atendimentos (Conversas sem vácuo),4.0
AGOSTO,Facebook,Agendamentos,1.0
AGOSTO,Facebook,Comparecimentos,1.0
AGOSTO,Facebook,Pessoas que compraram,1.0
AGOSTO,Facebook,Faturamento,160.0
AGOSTO,Facebook,Ticket médio,160.0
AGOSTO,Facebook,ROAS,0.576
AGOSTO,Facebook,CAC,277.88
AGOSTO,Instagram,Investimento ( mkt),460.08
AGOSTO,Instagram,Cliques (mkt),237.0
AGOSTO,Instagram,CPC,1.94
AGOSTO,Instagram,Leads (Contatos Recebidos) (mkt),79.0
AGOSTO,Instagram,CPL,5.82
AGOSTO,Instagram,Atendimentos (Conversas sem vácuo),62.0
AGOSTO,Instagram,Agendamentos,36.0
AGOSTO,Instagram,Comparecimentos,36.0
AGOSTO,Instagram,Pessoas que compraram,36.0
AGOSTO,Instagram,Faturamento,10311.44
AGOSTO,Instagram,Ticket médio,286.43
AGOSTO,Instagram,ROAS,22.41227613
AGOSTO,Instagram,CAC,12.78
AGOSTO,Google,Investimento ( mkt),1352.11
AGOSTO,Google,Cliques (mkt),1270.0
AGOSTO,Google,CPC,1.06
AGOSTO,Google,Leads (Contatos Recebidos) (mkt),297.0
AGOSTO,Google,CPL,4.55
AGOSTO,Google,Atendimentos (Conversas sem vácuo),251.0
AGOSTO,Google,Agendamentos,157.0
AGOSTO,Google,Comparecimentos,152.0
AGOSTO,Google,Pessoas que compraram,152.0
AGOSTO,Google,Faturamento,93445.35
AGOSTO,Google,Ticket médio,614.77
AGOSTO,Google,ROAS,69.111
AGOSTO,Google,CAC,8.9
SETEMBRO,Total,Investimento ( mkt),2830.68
SETEMBRO,Total,Cliques (mkt),3082.0
SETEMBRO,Total,CPC,0.92
SETEMBRO,Total,Leads (Contatos Recebidos) (mkt),449.0
SETEMBRO,Total,CPL,6.3
SETEMBRO,Total,Atendimentos (Conversas sem vácuo),332.0
SETEMBRO,Total,Agendamentos,201.0
SETEMBRO,Total,Comparecimentos,188.0
SETEMBRO,Total,Pessoas que compraram,188.0
SETEMBRO,Total,Faturamento,61563.05
SETEMBRO,Total,Ticket médio,327.46
SETEMBRO,Total,ROAS,21.75
SETEMBRO,Total,CAC,15.06
SETEMBRO,Facebook,Investimento ( mkt),349.3
SETEMBRO,Facebook,Cliques (mkt),1123.0
SETEMBRO,Facebook,CPC,0.31
SETEMBRO,Facebook,Leads (Contatos Recebidos) (mkt),3.0
SETEMBRO,Facebook,CPL,116.43
SETEMBRO,Facebook,Atendimentos (Conversas sem vácuo),2.0
SETEMBRO,Facebook,Agendamentos,1.0
SETEMBRO,Facebook,Comparecimentos,1.0
SETEMBRO,Facebook,Pessoas que compraram,1.0
SETEMBRO,Facebook,Faturamento,565.0
SETEMBRO,Facebook,Ticket médio,565.0
SETEMBRO,Facebook,ROAS,1.617520756
SETEMBRO,Facebook,CAC,349.3
SETEMBRO,Instagram,Investimento ( mkt),638.01
SETEMBRO,Instagram,Cliques (mkt),377.0
SETEMBRO,Instagram,CPC,1.69
SETEMBRO,Instagram,Leads (Contatos Recebidos) (mkt),99.0
SETEMBRO,Instagram,CPL,6.44
SETEMBRO,Instagram,Atendimentos (Conversas sem vácuo),76.0
SETEMBRO,Instagram,Agendamentos,50.0
SETEMBRO,Instagram,Comparecimentos,48.0
SETEMBRO,Instagram,Pessoas que compraram,48.0
SETEMBRO,Instagram,Faturamento,19877.05
SETEMBRO,Instagram,Ticket médio,414.11
SETEMBRO,Instagram,ROAS,31.15476246
SETEMBRO,Instagram,CAC,13.29
SETEMBRO,Google,Investimento ( mkt),1843.37
SETEMBRO,Google,Cliques (mkt),1582.0
SETEMBRO,Google,CPC,1.17
SETEMBRO,Google,Leads (Contatos Recebidos) (mkt),347.0
SETEMBRO,Google,CPL,5.31
SETEMBRO,Google,Atendimentos (Conversas sem vácuo),254.0
SETEMBRO,Google,Agendamentos,150.0
SETEMBRO,Google,Comparecimentos,139.0
SETEMBRO,Google,Pessoas que compraram,139.0
SETEMBRO,Google,Faturamento,41121.0
SETEMBRO,Google,Ticket médio,295.83
SETEMBRO,Google,ROAS,22.30751287
SETEMBRO,Google,CAC,13.26
OUTUBRO,Total,Investimento ( mkt),3733.59
OUTUBRO,Total,Cliques (mkt),3948.0
OUTUBRO,Total,CPC,0.95
OUTUBRO,Total,Leads (Contatos Recebidos) (mkt),504.0
OUTUBRO,Total,CPL,7.41
OUTUBRO,Total,Atendimentos (Conversas sem vácuo),379.0
OUTUBRO,Total,Agendamentos,207.0
OUTUBRO,Total,Comparecimentos,191.0
OUTUBRO,Total,Pessoas que compraram,191.0
OUTUBRO,Total,Faturamento,88801.0
OUTUBRO,Total,Ticket médio,464.93
OUTUBRO,Total,ROAS,23.78
OUTUBRO,Total,CAC,19.55
OUTUBRO,Facebook,Investimento ( mkt),502.11
OUTUBRO,Facebook,Cliques (mkt),1401.0
OUTUBRO,Facebook,CPC,0.36
OUTUBRO,Facebook,Leads (Contatos Recebidos) (mkt),28.0
OUTUBRO,Facebook,CPL,17.93
OUTUBRO,Facebook,Atendimentos (Conversas sem vácuo),14.0
OUTUBRO,Facebook,Agendamentos,6.0
OUTUBRO,Facebook,Comparecimentos,5.0
OUTUBRO,Facebook,Pessoas que compraram,5.0
OUTUBRO,Facebook,Faturamento,2465.0
OUTUBRO,Facebook,Ticket médio,493.0
OUTUBRO,Facebook,ROAS,4.909282826
OUTUBRO,Facebook,CAC,100.42
OUTUBRO,Instagram,Investimento ( mkt),527.77
OUTUBRO,Instagram,Cliques (mkt),294.0
OUTUBRO,Instagram,CPC,1.8
OUTUBRO,Instagram,Leads (Contatos Recebidos) (mkt),95.0
OUTUBRO,Instagram,CPL,5.56
OUTUBRO,Instagram,Atendimentos (Conversas sem vácuo),72.0
OUTUBRO,Instagram,Agendamentos,49.0
OUTUBRO,Instagram,Comparecimentos,47.0
OUTUBRO,Instagram,Pessoas que compraram,47.0
OUTUBRO,Instagram,Faturamento,13935.11
OUTUBRO,Instagram,Ticket médio,296.49
OUTUBRO,Instagram,ROAS,26.40375542
OUTUBRO,Instagram,CAC,11.23
OUTUBRO,Google,Investimento ( mkt),2703.71
OUTUBRO,Google,Cliques (mkt),2253.0
OUTUBRO,Google,CPC,1.2
OUTUBRO,Google,Leads (Contatos Recebidos) (mkt),381.0
OUTUBRO,Google,CPL,7.1
OUTUBRO,Google,Atendimentos (Conversas sem vácuo),293.0
OUTUBRO,Google,Agendamentos,152.0
OUTUBRO,Google,Comparecimentos,139.0
OUTUBRO,Google,Pessoas que compraram,139.0
OUTUBRO,Google,Faturamento,72400.89
OUTUBRO,Google,Ticket médio,520.87
OUTUBRO,Google,ROAS,26.77834901
OUTUBRO,Google,CAC,19.45
NOVEMBRO,Total,Investimento ( mkt),2869.92
NOVEMBRO,Total,Cliques (mkt),3213.0
NOVEMBRO,Total,CPC,0.89
NOVEMBRO,Total,Leads (Contatos Recebidos) (mkt),379.0
NOVEMBRO,Total,CPL,7.57
NOVEMBRO,Total,Atendimentos (Conversas sem vácuo),276.0
NOVEMBRO,Total,Agendamentos,170.0
NOVEMBRO,Total,Comparecimentos,155.0
NOVEMBRO,Total,Pessoas que compraram,155.0
NOVEMBRO,Total,Faturamento,52724.14
NOVEMBRO,Total,Ticket médio,340.16
NOVEMBRO,Total,ROAS,18.37
NOVEMBRO,Total,CAC,18.52
NOVEMBRO,Facebook,Investimento ( mkt),468.82
NOVEMBRO,Facebook,Cliques (mkt),1267.0
NOVEMBRO,Facebook,CPC,0.37
NOVEMBRO,Facebook,Leads (Contatos Recebidos) (mkt),20.0
NOVEMBRO,Facebook,CPL,23.44
NOVEMBRO,Facebook,Atendimentos (Conversas sem vácuo),12.0
NOVEMBRO,Facebook,Agendamentos,3.0
NOVEMBRO,Facebook,Comparecimentos,2.0
NOVEMBRO,Facebook,Pessoas que compraram,2.0
NOVEMBRO,Facebook,Faturamento,470.0
NOVEMBRO,Facebook,Ticket médio,235.0
NOVEMBRO,Facebook,ROAS,1.002516957
NOVEMBRO,Facebook,CAC,234.41
NOVEMBRO,Instagram,Investimento ( mkt),504.09
NOVEMBRO,Instagram,Cliques (mkt),257.0
NOVEMBRO,Instagram,CPC,1.96
NOVEMBRO,Instagram,Leads (Contatos Recebidos) (mkt),95.0
NOVEMBRO,Instagram,CPL,5.31
NOVEMBRO,Instagram,Atendimentos (Conversas sem vácuo),67.0
NOVEMBRO,Instagram,Agendamentos,52.0
NOVEMBRO,Instagram,Comparecimentos,49.0
NOVEMBRO,Instagram,Pessoas que compraram,49.0
NOVEMBRO,Instagram,Faturamento,15712.8
NOVEMBRO,Instagram,Ticket médio,320.67
NOVEMBRO,Instagram,ROAS,31.17062429
NOVEMBRO,Instagram,CAC,10.29
NOVEMBRO,Google,Investimento ( mkt),1897.01
NOVEMBRO,Google,Cliques (mkt),1689.0
NOVEMBRO,Google,CPC,1.12
NOVEMBRO,Google,Leads (Contatos Recebidos) (mkt),264.0
NOVEMBRO,Google,CPL,7.19
NOVEMBRO,Google,Atendimentos (Conversas sem vácuo),197.0
NOVEMBRO,Google,Agendamentos,115.0
NOVEMBRO,Google,Comparecimentos,104.0
NOVEMBRO,Google,Pessoas que compraram,104.0
NOVEMBRO,Google,Faturamento,36541.34
NOVEMBRO,Google,Ticket médio,351.36
NOVEMBRO,Google,ROAS,19.26259746
NOVEMBRO,Google,CAC,18.24
DEZEMBRO,Total,Investimento ( mkt),0.0
DEZEMBRO,Total,Cliques (mkt),0.0
DEZEMBRO,Total,CPC,0.0
DEZEMBRO,Total,Leads (Contatos Recebidos) (mkt),0.0
DEZEMBRO,Total,CPL,0.0
DEZEMBRO,Total,Atendimentos (Conversas sem vácuo),132.0
DEZEMBRO,Total,Agendamentos,0.0
DEZEMBRO,Total,Comparecimentos,0.0
DEZEMBRO,Total,Pessoas que compraram,0.0
DEZEMBRO,Total,Faturamento,0.0
DEZEMBRO,Total,Ticket médio,0.0
DEZEMBRO,Total,ROAS,0.0
DEZEMBRO,Total,CAC,0.0
DEZEMBRO,Facebook,Investimento ( mkt),0.0
DEZEMBRO,Facebook,Cliques (mkt),0.0
DEZEMBRO,Facebook,CPC,0.0
DEZEMBRO,Facebook,Leads (Contatos Recebidos) (mkt),0.0
DEZEMBRO,Facebook,CPL,0.0
DEZEMBRO,Facebook,Atendimentos (Conversas sem vácuo),0.0
DEZEMBRO,Facebook,Agendamentos,0.0
DEZEMBRO,Facebook,Comparecimentos,0.0
DEZEMBRO,Facebook,Pessoas que compraram,0.0
DEZEMBRO,Facebook,Faturamento,0.0
DEZEMBRO,Facebook,Ticket médio,0.0
DEZEMBRO,Facebook,ROAS,0.0
DEZEMBRO,Facebook,CAC,0.0
DEZEMBRO,Instagram,Investimento ( mkt),0.0
DEZEMBRO,Instagram,Cliques (mkt),0.0
DEZEMBRO,Instagram,CPC,0.0
DEZEMBRO,Instagram,Leads (Contatos Recebidos) (mkt),0.0
DEZEMBRO,Instagram,CPL,0.0
DEZEMBRO,Instagram,Atendimentos (Conversas sem vácuo),0.0
DEZEMBRO,Instagram,Agendamentos,0.0
DEZEMBRO,Instagram,Comparecimentos,0.0
DEZEMBRO,Instagram,Pessoas que compraram,0.0
DEZEMBRO,Instagram,Faturamento,0.0
DEZEMBRO,Instagram,Ticket médio,0.0
DEZEMBRO,Instagram,ROAS,0.0
DEZEMBRO,Instagram,CAC,0.0
DEZEMBRO,Google,Investimento ( mkt),0.0
DEZEMBRO,Google,Cliques (mkt),0.0
DEZEMBRO,Google,CPC,0.0
DEZEMBRO,Google,Leads (Contatos Recebidos) (mkt),0.0
DEZEMBRO,Google,CPL,0.0
DEZEMBRO,Google,Atendimentos (Conversas sem vácuo),0.0
DEZEMBRO,Google,Agendamentos,0.0
DEZEMBRO,Google,Comparecimentos,0.0
DEZEMBRO,Google,Pessoas que compraram,0.0
DEZEMBRO,Google,Faturamento,0.0
DEZEMBRO,Google,Ticket médio,0.0
DEZEMBRO,Google,ROAS,0.0
DEZEMBRO,Google,CAC,0.0
